Address,Tokens,Type
D1KBfZWPFvVAD1qxj4FdbzTXmiY8PGFumKTqMx5jAx5Q,[],Human
RFSqPtn1JfavGiUD4HJsZyYXvZsycxf31hnYfbyG6iB,[],Human
HYWo71Wk9PNDe5sBaRKazPnVyGnQDiwgXCFKvgAQ1ENp,[],Human
8NgW4LgwnTL3mHZknDF9aP9mxApsP8WK566v4Cg9Xi3t,[],Human
31P29snF3VeDnAmCEapSaTpqTg6A9c4yar6rHTZwr9rJ,[],Human
DNfuF1L62WWyW3pNakVkyGGFzVVhj4Yr52jSmdTyeBHm,[],Human
ud5nrmfD59egFJVhapJPWSehjm5CWfkqoiu9UGjCAM8,[],Human
38FbVUmibgE89pjSenxHpHbHDVZHWC4KxaaNZFrcyrJz,[],Human
9FEHWFjgbYnFCRRHkesJNq6znHjc5Aaq7TiKi1rCVSnH,[],Human
4VKU8YMg5eNrXEEuGSPy9ZivBvMKvfLi5V7VTPY4qJm7,[],Human
H19a2sFKdfCzXhYf9WUxZ6LP2RYuJFKq1yo4fXdeiBKa,[],Human
4rXiu7Vw9rdpHHKFLBGzzTWTWpgHVmUq2jJEKCt6FPGY,[],Human
2FjAK5RRc7BHcgme9xK1CnnztF1ouB5FxDsnj4jDnvpL,[],Human
5ehevuPYx1ToAD8iCfZYr5ybZxawLsCzMa8prHjqhMZP,[],Human
4xUkaEGkKDPVETNv5Asd4D7195A8ZGWQjWRHoSy6bd1r,[],Human
GQ26EXd1K4cbSiPaCxDTLNmt63Ef6AUFNo8aXNe1KhBf,[],Human
2HWT2KLLdN2wxYTqdSuko5SBzg2SEJASgV4GE2tD7TML,[],Human
98HgTyeHTp18q32RHiZtjXKbumZoC8JThrG31YkXLQeV,[],Human
1qC87PMvBQccLpgKhXfRvYPi8nKhpJEVZY4iodmfeGD,[],Human
8pyRQsXnuBjUFQDZbk1YsHSe9t8Etuhy2JKXcrHwe2nz,[],Human
Bh6tH1wcbSsfSxA8i8SQTm3mMJC1LWkmaQvCteYAaD1o,[],Human
92yo764YEZ4ndbNBM7nShwr4YR9HRQhCXpxg5mwfdEku,[],Human
4guRujtSkfCsKfHu6jJQE1mMfZLB6r3GP1hNt4f1eFhQ,[],Human
3Ud1dbad9DCH9KK16PdKN81z2uKx6mEuTpDTDexEGSZZ,[],Human
HnpBLQTxvABPYQJ6Gu1ETfKf6mUggGmvr25eJhn2Ww4L,[],Human
