timestamp,address,tokens
2024-10-04T22:43:18.771532,D1KBfZWPFvVAD1qxj4FdbzTXmiY8PGFumKTqMx5jAx5Q,[]
2024-10-04T22:43:18.771532,RFSqPtn1JfavGiUD4HJsZyYXvZsycxf31hnYfbyG6iB,[]
2024-10-04T22:43:18.771532,HYWo71Wk9PNDe5sBaRKazPnVyGnQDiwgXCFKvgAQ1ENp,[]
2024-10-04T22:43:18.771532,8NgW4LgwnTL3mHZknDF9aP9mxApsP8WK566v4Cg9Xi3t,[]
2024-10-04T22:43:18.771532,31P29snF3VeDnAmCEapSaTpqTg6A9c4yar6rHTZwr9rJ,[]
2024-10-04T22:43:18.771532,DNfuF1L62WWyW3pNakVkyGGFzVVhj4Yr52jSmdTyeBHm,[]
2024-10-04T22:43:18.771532,ud5nrmfD59egFJVhapJPWSehjm5CWfkqoiu9UGjCAM8,[]
2024-10-04T22:43:18.771532,38FbVUmibgE89pjSenxHpHbHDVZHWC4KxaaNZFrcyrJz,[]
2024-10-04T22:43:18.771532,9FEHWFjgbYnFCRRHkesJNq6znHjc5Aaq7TiKi1rCVSnH,[]
2024-10-04T22:43:18.771532,4VKU8YMg5eNrXEEuGSPy9ZivBvMKvfLi5V7VTPY4qJm7,[]
2024-10-04T22:43:18.771532,H19a2sFKdfCzXhYf9WUxZ6LP2RYuJFKq1yo4fXdeiBKa,[]
2024-10-04T22:43:18.771532,4rXiu7Vw9rdpHHKFLBGzzTWTWpgHVmUq2jJEKCt6FPGY,[]
2024-10-04T22:43:18.771532,2FjAK5RRc7BHcgme9xK1CnnztF1ouB5FxDsnj4jDnvpL,[]
2024-10-04T22:43:18.771532,5ehevuPYx1ToAD8iCfZYr5ybZxawLsCzMa8prHjqhMZP,[]
2024-10-04T22:43:18.771532,4xUkaEGkKDPVETNv5Asd4D7195A8ZGWQjWRHoSy6bd1r,[]
2024-10-04T22:43:18.771532,GQ26EXd1K4cbSiPaCxDTLNmt63Ef6AUFNo8aXNe1KhBf,[]
2024-10-04T22:43:18.771532,2HWT2KLLdN2wxYTqdSuko5SBzg2SEJASgV4GE2tD7TML,[]
2024-10-04T22:43:18.771532,98HgTyeHTp18q32RHiZtjXKbumZoC8JThrG31YkXLQeV,[]
2024-10-04T22:43:18.771532,1qC87PMvBQccLpgKhXfRvYPi8nKhpJEVZY4iodmfeGD,[]
2024-10-04T22:43:18.771532,8pyRQsXnuBjUFQDZbk1YsHSe9t8Etuhy2JKXcrHwe2nz,[]
2024-10-04T22:43:18.771532,Bh6tH1wcbSsfSxA8i8SQTm3mMJC1LWkmaQvCteYAaD1o,[]
2024-10-04T22:43:18.771532,92yo764YEZ4ndbNBM7nShwr4YR9HRQhCXpxg5mwfdEku,[]
2024-10-04T22:43:18.771532,4guRujtSkfCsKfHu6jJQE1mMfZLB6r3GP1hNt4f1eFhQ,[]
2024-10-04T22:43:18.771532,3Ud1dbad9DCH9KK16PdKN81z2uKx6mEuTpDTDexEGSZZ,[]
2024-10-04T22:43:18.771532,HnpBLQTxvABPYQJ6Gu1ETfKf6mUggGmvr25eJhn2Ww4L,[]
